"it","objective","sim.id","hlim3h","hlim3l","adcrh","adcrl","ksat_seq1","ksat_seq2","ksat_seq3","ksat_seq4","ksat_seq5"
1,0.44181316957868,"SEQ_F1_S2",-790,-1000,0.6,0.2,40.8,24.24,11.76,5.04,5.04
2,0.470740849144732,"SEQ_F1_S2",-985.245015995008,-3470.04704126862,0.226700270973888,0.186120656618329,75.1997651652299,8.40809467719987,44.0942348268677,43.9216240845875,29.5844853125469
3,0.475224672110863,"SEQ_F1_S2",-534.577739324837,-833.943338526928,0.717707989912834,0.334301265827859,86.5144867432539,5.11736580883998,28.7954563764786,58.5073350237086,28.7797201482706
